FR-R,FR-V
9.928571428571429180e+01,9.928571428571429180e+01
