correct,incorrect
9.285714285714286120e+01,9.714285714285713880e+01
9.714285714285713880e+01,8.428571428571429180e+01
9.571428571428570820e+01,1.000000000000000000e+02
1.000000000000000000e+02,9.285714285714286120e+01
9.857142857142856940e+01,9.571428571428570820e+01
9.571428571428570820e+01,9.571428571428570820e+01
9.714285714285713880e+01,9.428571428571429180e+01
9.714285714285713880e+01,9.285714285714286120e+01
9.285714285714286120e+01,9.571428571428570820e+01
