correct,incorrect
2.857142857142857295e+01,6.142857142857143060e+01
5.714285714285714590e+01,9.857142857142856940e+01
