FR,JA
3.357142857142856940e+01,4.285714285714285587e+00
1.000000000000000000e+02,7.785714285714286120e+01
