correct,incorrect
2.857142857142857295e+01,5.428571428571428470e+01
