JA-CORR-V,JA-INC-V
1.000000000000000000e+02,9.571428571428570820e+01
8.142857142857143060e+01,9.142857142857143060e+01
1.000000000000000000e+02,9.857142857142856940e+01
