FR,JA
9.571428571428570820e+01,5.000000000000000000e+01
1.000000000000000000e+02,9.857142857142856940e+01
