FR,JA
9.714285714285713880e+01,4.857142857142856940e+01
